id,dataset,seed,category,method,time,R2,Bagging-R2,Ensemble-R2
0_0_MLR_MLR,0,0,MLR,MLR,1243.8905429840088,0.2681480887367907,0.3314493372931253,0.33459768229691067
0_0_RF_RF,0,0,RF,RF,28.401391744613647,0.25246607999230464,0.25380604576570664,0.28189501442509757
0_0_XGB_XGB,0,0,XGB,XGB,5.4795026779174805,0.276707519137709,0.28110548689647985,0.22208150188922238
0_0_CAT_CAT,0,0,CAT,CAT,156.22924375534058,0.24032257628341946,0.24168102971462901,0.23497938240510963
0_1_MLR_MLR,0,1,MLR,MLR,1377.3669302463531,0.4225215865250537,0.4819300360690256,0.4501691597034676
0_1_RF_RF,0,1,RF,RF,33.71160697937012,0.24611162614812612,0.2505640368525329,0.2664765628452923
0_1_XGB_XGB,0,1,XGB,XGB,5.888880491256714,0.19333012925332846,0.20119947954624973,0.23713658891504608
0_1_CAT_CAT,0,1,CAT,CAT,162.07949233055115,0.2825375535239598,0.28303037168796397,0.2757377544691616
0_2_MLR_MLR,0,2,MLR,MLR,1238.917665719986,0.42184327249709885,0.44451354631917217,0.47159334709577583
0_2_RF_RF,0,2,RF,RF,32.2538378238678,0.3677198456866503,0.3702277570154533,0.37116554068211105
0_2_XGB_XGB,0,2,XGB,XGB,5.3163886070251465,0.23493106684256546,0.2772537130783139,0.22215398216550164
0_2_CAT_CAT,0,2,CAT,CAT,161.38767218589783,0.25084855764374464,0.264143251146432,0.3122471266925392
0_3_MLR_MLR,0,3,MLR,MLR,1210.471839427948,0.056718291201303346,0.1448196969160389,0.06631218719223941
0_3_RF_RF,0,3,RF,RF,33.72731256484985,0.13536445246623044,0.14296491495764496,0.1794826850753931
0_3_XGB_XGB,0,3,XGB,XGB,5.817185640335083,-0.17491916595452503,-0.14606542193346295,0.09278718145600418
0_3_CAT_CAT,0,3,CAT,CAT,176.5767834186554,-0.11903948363058571,-0.11572577299955356,-0.04751335721460226
0_4_MLR_MLR,0,4,MLR,MLR,1053.5834488868713,0.12874562913642296,0.28316103024434447,0.32707125610319376
0_4_RF_RF,0,4,RF,RF,32.06019568443298,0.25106688045468617,0.2570810983924283,0.26098643403373534
0_4_XGB_XGB,0,4,XGB,XGB,5.639011383056641,0.048566750814154146,0.0716417488249288,0.12090613142196494
0_4_CAT_CAT,0,4,CAT,CAT,157.41858196258545,0.037142819940194326,0.0896752353496929,0.16238019769487855
0_5_MLR_MLR,0,5,MLR,MLR,1031.6813306808472,0.4915670499706962,0.5942305543798045,0.6049705223230701
0_5_RF_RF,0,5,RF,RF,33.27798843383789,0.5232854167965076,0.5262053622412837,0.5644240304856566
0_5_XGB_XGB,0,5,XGB,XGB,5.180569410324097,0.4090672661603588,0.4140350708076109,0.49439529944982685
0_5_CAT_CAT,0,5,CAT,CAT,173.73766374588013,0.45047459103813103,0.45234483506769896,0.4499476236647474
0_6_MLR_MLR,0,6,MLR,MLR,1066.305959701538,0.18062371438366434,0.3007194274685663,0.29979403505390767
0_6_RF_RF,0,6,RF,RF,27.753347396850586,0.012218773732978794,0.014319682612975893,0.07669614917045509
0_6_XGB_XGB,0,6,XGB,XGB,4.932549715042114,-0.09731892386783575,-0.08797972406442178,0.01830594329761759
0_6_CAT_CAT,0,6,CAT,CAT,160.17513370513916,-0.24777403853963487,-0.2202674559166491,-0.03237029075528519
0_7_MLR_MLR,0,7,MLR,MLR,1010.4746363162994,0.34292735570404015,0.44014059876753175,0.39266847721946696
0_7_RF_RF,0,7,RF,RF,26.794893503189087,0.31119298806712886,0.3136033537483156,0.36792469705180686
0_7_XGB_XGB,0,7,XGB,XGB,5.480903625488281,0.22935563954520008,0.2522782889775256,0.2983965249922984
0_7_CAT_CAT,0,7,CAT,CAT,174.98068928718567,0.3434122120051156,0.34639365312737,0.34303596819992044
0_8_MLR_MLR,0,8,MLR,MLR,998.0313684940338,0.5266888049690863,0.5970181048831384,0.6079868840608191
0_8_RF_RF,0,8,RF,RF,32.054908752441406,0.39314258171369393,0.3964872475164166,0.4009845890897221
0_8_XGB_XGB,0,8,XGB,XGB,4.848879098892212,0.27653705761327535,0.27885997835568355,0.32045888145316737
0_8_CAT_CAT,0,8,CAT,CAT,172.13662838935852,0.44527472420375824,0.445664519226201,0.4459226076742925
0_9_MLR_MLR,0,9,MLR,MLR,1040.2146952152252,-0.07510536777202903,0.13577694164805576,0.29829453705888
0_9_RF_RF,0,9,RF,RF,28.865917921066284,0.1312728377990823,0.13495791797367818,0.221081908465818
0_9_XGB_XGB,0,9,XGB,XGB,5.257476568222046,0.14262361267588397,0.15076128186710647,0.1939072831819304
0_9_CAT_CAT,0,9,CAT,CAT,174.76859045028687,-0.028780402997300523,-0.02535270640083076,0.009700984286236669
1_0_MLR_MLR,1,0,MLR,MLR,1212.845552444458,0.42905010853775927,0.4444933226037949,0.4361971288345372
1_0_RF_RF,1,0,RF,RF,37.23000884056091,0.43947483756799666,0.44459518453463254,0.43877841192838685
1_0_XGB_XGB,1,0,XGB,XGB,17.045775890350342,0.42489264747317096,0.4340596586327259,0.43999481181986766
1_0_CAT_CAT,1,0,CAT,CAT,338.4050443172455,0.4485945008341604,0.4509936023667068,0.4519411856149881
1_1_MLR_MLR,1,1,MLR,MLR,1426.9855468273163,0.3374150083690964,0.3746517125675186,0.3921791334304965
1_1_RF_RF,1,1,RF,RF,36.07348442077637,0.3993904946128975,0.40243788740691055,0.405604624402256
1_1_XGB_XGB,1,1,XGB,XGB,13.952186346054077,0.3936196098584322,0.40113635183692453,0.408643366096221
1_1_CAT_CAT,1,1,CAT,CAT,318.11583185195923,0.41734816551518156,0.4194432339563312,0.4191049816108582
1_2_MLR_MLR,1,2,MLR,MLR,1235.8662893772125,0.3066988987404579,0.3667237814760247,0.38975554032863025
1_2_RF_RF,1,2,RF,RF,37.99837255477905,0.41803521882825856,0.42194097215196036,0.42043163718791254
1_2_XGB_XGB,1,2,XGB,XGB,14.270242691040039,0.3637502954432138,0.38702362786058475,0.4034863359275158
1_2_CAT_CAT,1,2,CAT,CAT,338.95634365081787,0.4613066841414726,0.4637689177596773,0.44729726221469224
1_3_MLR_MLR,1,3,MLR,MLR,1231.3780481815338,0.4710347123721377,0.49282475810105864,0.5204776017327151
1_3_RF_RF,1,3,RF,RF,48.84570503234863,0.5256411495197449,0.5290513665198615,0.5197095348107915
1_3_XGB_XGB,1,3,XGB,XGB,20.749324321746826,0.531454066154863,0.5555984333339565,0.5878390915690395
1_3_CAT_CAT,1,3,CAT,CAT,316.4728751182556,0.6418369722836195,0.6460411105748098,0.6462549094214063
1_4_MLR_MLR,1,4,MLR,MLR,1472.003749847412,0.5340890507339505,0.5467661729516808,0.5526903452790453
1_4_RF_RF,1,4,RF,RF,43.29786515235901,0.5350721113871831,0.5382187175365867,0.548587688823225
1_4_XGB_XGB,1,4,XGB,XGB,18.10402536392212,0.5500003982459281,0.5653200793955239,0.5666393012966628
1_4_CAT_CAT,1,4,CAT,CAT,326.64491629600525,0.5613966620157154,0.5627304862937471,0.5645116669816049
1_5_MLR_MLR,1,5,MLR,MLR,1277.5685386657715,0.5623444365751141,0.5766647982613373,0.5588889201671757
1_5_RF_RF,1,5,RF,RF,40.626893281936646,0.5392732987042951,0.5408581526010063,0.5689782538730822
1_5_XGB_XGB,1,5,XGB,XGB,15.067362546920776,0.5893704986978267,0.5932056508191477,0.6116769194254559
1_5_CAT_CAT,1,5,CAT,CAT,324.243364572525,0.6625534943031334,0.6650703801914499,0.6718970724266443
1_6_MLR_MLR,1,6,MLR,MLR,1265.8303649425507,0.5119853924061866,0.5427596401031098,0.5312190212095609
1_6_RF_RF,1,6,RF,RF,36.61182188987732,0.6313043449360707,0.6377948799675512,0.6479729064110675
1_6_XGB_XGB,1,6,XGB,XGB,13.276833772659302,0.6515703079679228,0.6659929312183175,0.6197535072101013
1_6_CAT_CAT,1,6,CAT,CAT,313.3266489505768,0.6698277442489269,0.6716561104803294,0.6710727720882705
1_7_MLR_MLR,1,7,MLR,MLR,1431.4407541751862,0.46805219102143153,0.4844780357761018,0.4809802205416396
1_7_RF_RF,1,7,RF,RF,39.62536597251892,0.43020494901521855,0.4328855342217004,0.44534525581796147
1_7_XGB_XGB,1,7,XGB,XGB,16.94346332550049,0.4199529907380656,0.4313777815968288,0.4292457116892415
1_7_CAT_CAT,1,7,CAT,CAT,335.18966841697693,0.47240396467227613,0.47368352506780265,0.4714240959068646
1_8_MLR_MLR,1,8,MLR,MLR,1415.5359418392181,0.5041878087408569,0.5519450628672611,0.5421046577577862
1_8_RF_RF,1,8,RF,RF,35.15879678726196,0.4867929657517983,0.4901395697399086,0.4900506086834595
1_8_XGB_XGB,1,8,XGB,XGB,17.844820261001587,0.5536226173012575,0.5633721329436995,0.5369824400825498
1_8_CAT_CAT,1,8,CAT,CAT,339.5844838619232,0.6125411466723526,0.6146933227524085,0.5983928444862389
1_9_MLR_MLR,1,9,MLR,MLR,1391.3532438278198,0.40681647128355175,0.44961228718478796,0.4539964716122402
1_9_RF_RF,1,9,RF,RF,37.39627552032471,0.40733029021676076,0.40942663105234167,0.42034575894858417
1_9_XGB_XGB,1,9,XGB,XGB,12.244239330291748,0.3970908470918559,0.41296677736626863,0.42019971715861526
1_9_CAT_CAT,1,9,CAT,CAT,334.4435386657715,0.45905217661127773,0.46025401741430416,0.4571427363202861
2_0_MLR_MLR,2,0,MLR,MLR,1025.7500619888306,0.9874257334664751,0.9923889191939992,0.9947108991717624
2_0_RF_RF,2,0,RF,RF,27.352551221847534,0.9826477291929945,0.9835620376537171,0.983774492043316
2_0_XGB_XGB,2,0,XGB,XGB,6.679898262023926,0.9778741193624956,0.9890079870161176,0.981244507860135
2_0_CAT_CAT,2,0,CAT,CAT,192.41619038581848,0.9876114590394418,0.9883819458877278,0.9893657019391859
2_1_MLR_MLR,2,1,MLR,MLR,1084.2324397563934,0.9927768117488879,0.9965597728962284,0.9966569771803343
2_1_RF_RF,2,1,RF,RF,28.548889875411987,0.9784730874508081,0.9792088067036055,0.9788813272409287
2_1_XGB_XGB,2,1,XGB,XGB,7.505420923233032,0.98492970501543,0.9875771065906173,0.9838708417435909
2_1_CAT_CAT,2,1,CAT,CAT,183.71390414237976,0.9890432612384606,0.9917027605234936,0.9914235475123747
2_2_MLR_MLR,2,2,MLR,MLR,920.3037989139557,0.9864493172252287,0.9890332379701412,0.9870305781897196
2_2_RF_RF,2,2,RF,RF,28.358267068862915,0.9726541523991286,0.9730875519990607,0.9706234779474449
2_2_XGB_XGB,2,2,XGB,XGB,6.596627950668335,0.9808840805731696,0.9872913547485535,0.9880751125103695
2_2_CAT_CAT,2,2,CAT,CAT,180.44708967208862,0.9861642276081555,0.9871833355648179,0.9851547052310451
2_3_MLR_MLR,2,3,MLR,MLR,999.7583608627319,0.9937555724114221,0.9957668328620671,0.9959369139781544
2_3_RF_RF,2,3,RF,RF,27.52182936668396,0.9885922552920099,0.9891340524088275,0.9856080570959199
2_3_XGB_XGB,2,3,XGB,XGB,6.390995264053345,0.9931525124986894,0.9960398315246741,0.9945574238727695
2_3_CAT_CAT,2,3,CAT,CAT,172.27789568901062,0.9938156531278471,0.9948845237047165,0.9950091721484579
2_4_MLR_MLR,2,4,MLR,MLR,1064.3264133930206,0.9912332487849631,0.9962893811768938,0.99667111618926
2_4_RF_RF,2,4,RF,RF,27.617204189300537,0.965464208998725,0.9659714690325927,0.9611296409653867
2_4_XGB_XGB,2,4,XGB,XGB,6.312192916870117,0.976568838168694,0.9778495032190085,0.9829205722590275
2_4_CAT_CAT,2,4,CAT,CAT,189.15194177627563,0.9696219092185191,0.9702871140710692,0.971243405083786
2_5_MLR_MLR,2,5,MLR,MLR,1112.337396621704,0.9922205032341124,0.996228372107087,0.9959543447553733
2_5_RF_RF,2,5,RF,RF,29.438052654266357,0.9831521714734475,0.983746565246952,0.9822549430892774
2_5_XGB_XGB,2,5,XGB,XGB,6.489449739456177,0.9750530485238202,0.9836155966733799,0.9859418921960462
2_5_CAT_CAT,2,5,CAT,CAT,185.07017827033997,0.9829607772030176,0.9839234872899455,0.9845087828277174
2_6_MLR_MLR,2,6,MLR,MLR,1070.7834208011627,0.9908518278421846,0.9968120442208273,0.9953449427086569
2_6_RF_RF,2,6,RF,RF,32.40103077888489,0.9640836885038366,0.9646271411988416,0.9716474259039635
2_6_XGB_XGB,2,6,XGB,XGB,7.407978296279907,0.9742121584782275,0.9832508695594626,0.9847647809686191
2_6_CAT_CAT,2,6,CAT,CAT,192.54033160209656,0.9887068788090352,0.989714992017674,0.9893383044819851
2_7_MLR_MLR,2,7,MLR,MLR,1007.9373481273651,0.9892367247292743,0.9934548491817723,0.993997886829674
2_7_RF_RF,2,7,RF,RF,29.884830474853516,0.9745682250187058,0.9752071901878958,0.9753128174566709
2_7_XGB_XGB,2,7,XGB,XGB,6.3481292724609375,0.9834750613844295,0.9887453802363863,0.9860339029068084
2_7_CAT_CAT,2,7,CAT,CAT,187.59456777572632,0.9717342276993279,0.9752599352016164,0.9724828837211258
2_8_MLR_MLR,2,8,MLR,MLR,1163.6260647773743,0.9691149934270932,0.9723068971830737,0.976000641545877
2_8_RF_RF,2,8,RF,RF,35.877530574798584,0.9565241614354314,0.9569757280991313,0.9559773351284082
2_8_XGB_XGB,2,8,XGB,XGB,6.845887184143066,0.9585028328478489,0.960487473027522,0.9571936814002947
2_8_CAT_CAT,2,8,CAT,CAT,191.67080187797546,0.9299906674585496,0.9345139870273953,0.942914386315364
2_9_MLR_MLR,2,9,MLR,MLR,1101.0154197216034,0.9879310942532836,0.992461419446766,0.9935249412369178
2_9_RF_RF,2,9,RF,RF,28.801908254623413,0.9732846147401051,0.9742806631672631,0.9746439504021016
2_9_XGB_XGB,2,9,XGB,XGB,7.7055723667144775,0.9628079831708501,0.9684571909947853,0.9745199139814058
2_9_CAT_CAT,2,9,CAT,CAT,186.49928331375122,0.9764211155827655,0.977127061145816,0.9771998799773717
3_0_MLR_MLR,3,0,MLR,MLR,1471.282392501831,0.9538866073578944,0.954670469404074,0.9504121317705645
3_0_RF_RF,3,0,RF,RF,32.9209508895874,0.9546196484276882,0.9546196484276883,0.9573240378397492
3_0_XGB_XGB,3,0,XGB,XGB,13.773894786834717,0.9720081279758727,0.9728429072294393,0.9748724489448651
3_0_CAT_CAT,3,0,CAT,CAT,163.3354058265686,0.9658333319121674,0.9659863969715794,0.9653796088698572
3_1_MLR_MLR,3,1,MLR,MLR,1155.5697693824768,0.9926055748432847,0.9946329192950643,0.9927944367086642
3_1_RF_RF,3,1,RF,RF,39.45962309837341,0.9902504111707631,0.9903266650947126,0.9904229728379452
3_1_XGB_XGB,3,1,XGB,XGB,9.013413667678833,0.9933090352363829,0.9943258534769793,0.9945362605244071
3_1_CAT_CAT,3,1,CAT,CAT,173.33802700042725,0.9950750376383998,0.995227257937257,0.9950855306442591
3_2_MLR_MLR,3,2,MLR,MLR,1416.5210318565369,0.9663930719849025,0.9674161903913504,0.9655377007449146
3_2_RF_RF,3,2,RF,RF,37.950111627578735,0.9749685930156345,0.9750550213459502,0.9721427541318666
3_2_XGB_XGB,3,2,XGB,XGB,9.934946298599243,0.9846589438051707,0.9852907862465755,0.9825658504106004
3_2_CAT_CAT,3,2,CAT,CAT,172.15191054344177,0.9799158967776456,0.9803298596428746,0.9801680934357612
3_3_MLR_MLR,3,3,MLR,MLR,1296.2160849571228,0.9800615654511339,0.9821773774139674,0.9787096852009859
3_3_RF_RF,3,3,RF,RF,40.490017890930176,0.9877509406496522,0.9878875962799885,0.9869186106109051
3_3_XGB_XGB,3,3,XGB,XGB,11.375040531158447,0.9909832908391327,0.9932890384787127,0.992146768159057
3_3_CAT_CAT,3,3,CAT,CAT,185.19647932052612,0.9901516475793531,0.9903214218457049,0.9892050318506334
3_4_MLR_MLR,3,4,MLR,MLR,1201.6452941894531,0.9779387936968733,0.9828254817935378,0.9835881579979489
3_4_RF_RF,3,4,RF,RF,39.088907957077026,0.9798132920319527,0.9799501911288298,0.9805859449109503
3_4_XGB_XGB,3,4,XGB,XGB,11.82465672492981,0.9873213765397679,0.9897256699264079,0.988008238904985
3_4_CAT_CAT,3,4,CAT,CAT,174.78139424324036,0.9869987026157946,0.9900224676332279,0.9880265266368543
3_5_MLR_MLR,3,5,MLR,MLR,1436.9280271530151,0.9572593380286434,0.9581420293368382,0.9577821716635612
3_5_RF_RF,3,5,RF,RF,39.43136692047119,0.9680706504155604,0.9681623581665998,0.9700176830132355
3_5_XGB_XGB,3,5,XGB,XGB,9.984989404678345,0.9829508374116254,0.9832855905295157,0.981550924740939
3_5_CAT_CAT,3,5,CAT,CAT,181.02030682563782,0.9737814754585915,0.9740178449119974,0.9728130026633045
3_6_MLR_MLR,3,6,MLR,MLR,1395.1066744327545,0.9610495821019751,0.9619909702525431,0.9641304425449514
3_6_RF_RF,3,6,RF,RF,32.440356969833374,0.9656956887417675,0.9657826104410289,0.9607281555606072
3_6_XGB_XGB,3,6,XGB,XGB,10.988044023513794,0.9803587786698982,0.9808714700126016,0.9780496176361408
3_6_CAT_CAT,3,6,CAT,CAT,165.3507158756256,0.9800752189503675,0.9802510249418133,0.9794567440024492
3_7_MLR_MLR,3,7,MLR,MLR,1188.3075366020203,0.9787663658427149,0.9850230728142544,0.984822923274659
3_7_RF_RF,3,7,RF,RF,34.90945768356323,0.974191135951532,0.9741914239496989,0.9790872809200319
3_7_XGB_XGB,3,7,XGB,XGB,11.947243690490723,0.9835677812566669,0.9850776640396942,0.9885805530283898
3_7_CAT_CAT,3,7,CAT,CAT,161.25800490379333,0.9867322113573344,0.9874160044492337,0.9872212997334949
3_8_MLR_MLR,3,8,MLR,MLR,1470.4973542690277,0.9902632903666964,0.9914065157937235,0.9910289554002747
3_8_RF_RF,3,8,RF,RF,38.135422229766846,0.9905714821425599,0.9906978231996928,0.9911679264594303
3_8_XGB_XGB,3,8,XGB,XGB,10.089085817337036,0.9921705431610082,0.994812178360941,0.9955151091830453
3_8_CAT_CAT,3,8,CAT,CAT,174.6387233734131,0.9935839061131282,0.9942703598811643,0.994947319355785
3_9_MLR_MLR,3,9,MLR,MLR,1367.7573177814484,0.9875873925388203,0.989764168983641,0.9925655706492013
3_9_RF_RF,3,9,RF,RF,32.30524015426636,0.990441271563941,0.9904432577960215,0.9913511132629922
3_9_XGB_XGB,3,9,XGB,XGB,9.74027132987976,0.9971820378836226,0.9979970466815609,0.9978614177612752
3_9_CAT_CAT,3,9,CAT,CAT,161.92160773277283,0.9974406606706545,0.9975700828610489,0.9976740963035365
4_0_MLR_MLR,4,0,MLR,MLR,1421.413363456726,0.681332996727407,0.6880609142325887,0.6921047724406227
4_0_RF_RF,4,0,RF,RF,206.97366070747375,0.6767892593452525,0.680041239203856,0.6798444177287539
4_0_XGB_XGB,4,0,XGB,XGB,113.12723207473755,0.6702918181138326,0.680809219073223,0.6818576554707292
4_0_CAT_CAT,4,0,CAT,CAT,682.6771981716156,0.6874438771299426,0.6901684150312926,0.6909296327434569
4_1_MLR_MLR,4,1,MLR,MLR,1450.2889697551727,0.6388732753080976,0.6532548971490408,0.651646719710258
4_1_RF_RF,4,1,RF,RF,246.0028476715088,0.6591583597125313,0.6614966398624641,0.6613862780513411
4_1_XGB_XGB,4,1,XGB,XGB,105.16715836524963,0.6488932898508762,0.6545605736232945,0.6554659867956353
4_1_CAT_CAT,4,1,CAT,CAT,670.6005320549011,0.663357266793795,0.6658723415174052,0.6658865289724056
4_2_MLR_MLR,4,2,MLR,MLR,1386.5011403560638,0.6716027641122958,0.6767574572391627,0.6808910873657668
4_2_RF_RF,4,2,RF,RF,239.3365936279297,0.6690534232689209,0.6714133153654831,0.6707419011745237
4_2_XGB_XGB,4,2,XGB,XGB,85.60597014427185,0.6733866518833111,0.6816276742212976,0.678824262478415
4_2_CAT_CAT,4,2,CAT,CAT,699.8186130523682,0.6841322747272849,0.6859986105371074,0.6867999137375145
4_3_MLR_MLR,4,3,MLR,MLR,993.7062301635742,0.6628163185445983,0.6706741759016159,0.6783507572042011
4_3_RF_RF,4,3,RF,RF,415.9499614238739,0.6607562371793364,0.6637034421996792,0.6660034931556692
4_3_XGB_XGB,4,3,XGB,XGB,97.88452768325806,0.6682082589238615,0.6789514890612348,0.6832533187477761
4_3_CAT_CAT,4,3,CAT,CAT,700.5956053733826,0.6774749390467363,0.6836799579448796,0.6890734184670653
4_4_MLR_MLR,4,4,MLR,MLR,1130.2803745269775,0.6709185932123891,0.6850964796436687,0.6907195800927883
4_4_RF_RF,4,4,RF,RF,197.75540351867676,0.6922628225674666,0.6945035060271585,0.6918458029269348
4_4_XGB_XGB,4,4,XGB,XGB,101.30626368522644,0.6817837648186579,0.686001870455752,0.694585663503501
4_4_CAT_CAT,4,4,CAT,CAT,700.731066942215,0.699519544946914,0.7015406765538486,0.6986971832331244
4_5_MLR_MLR,4,5,MLR,MLR,1446.8792910575867,0.6794114960924564,0.6855244559453442,0.6870351985937172
4_5_RF_RF,4,5,RF,RF,215.04391813278198,0.6645014956402413,0.6665472514542335,0.6651820363504657
4_5_XGB_XGB,4,5,XGB,XGB,158.31280040740967,0.6486317603732084,0.653568682365677,0.6565248530832162
4_5_CAT_CAT,4,5,CAT,CAT,716.6550059318542,0.6753553420114822,0.6766325914042945,0.6759825318488948
4_6_MLR_MLR,4,6,MLR,MLR,1420.1855688095093,0.6743869544072941,0.6799237991222316,0.6802483299478083
4_6_RF_RF,4,6,RF,RF,148.47947120666504,0.6757045576023695,0.678183018977035,0.6804602528170587
4_6_XGB_XGB,4,6,XGB,XGB,87.60922980308533,0.6787608665066084,0.6807871976053073,0.6856542705330618
4_6_CAT_CAT,4,6,CAT,CAT,667.4687249660492,0.6836139067946266,0.6849372015934484,0.685065420298582
4_7_MLR_MLR,4,7,MLR,MLR,1404.2615325450897,0.6894824851675785,0.6996288379606546,0.6988160392003935
4_7_RF_RF,4,7,RF,RF,207.08054780960083,0.6802161688186283,0.6831468987866756,0.6811013642435308
4_7_XGB_XGB,4,7,XGB,XGB,78.40925431251526,0.6719682592464492,0.6756709514480541,0.6776416812795653
4_7_CAT_CAT,4,7,CAT,CAT,687.6218025684357,0.6833641811133049,0.6856739563334209,0.6840541470791437
4_8_MLR_MLR,4,8,MLR,MLR,1291.995131969452,0.6371500310915723,0.6481586679918513,0.6494249466212063
4_8_RF_RF,4,8,RF,RF,227.95234942436218,0.6487451524163054,0.6511908625060387,0.6521826386005463
4_8_XGB_XGB,4,8,XGB,XGB,109.36845207214355,0.640916527715277,0.6489446428908165,0.6561087073905594
4_8_CAT_CAT,4,8,CAT,CAT,700.7263491153717,0.6569109609185627,0.6610138065977289,0.6605669814665192
4_9_MLR_MLR,4,9,MLR,MLR,1428.4638664722443,0.7408149694189701,0.748393600196784,0.7505688628419154
4_9_RF_RF,4,9,RF,RF,183.60030007362366,0.7321931920159832,0.7341214812973278,0.7350613337343432
4_9_XGB_XGB,4,9,XGB,XGB,115.10024952888489,0.7202067201204422,0.7263567758482676,0.7334402614203067
4_9_CAT_CAT,4,9,CAT,CAT,704.737966299057,0.7532231741322346,0.7557309519067893,0.7556489161066455
5_0_MLR_MLR,5,0,MLR,MLR,1264.3460280895233,0.8597027487752773,0.8634320993925841,0.8631900861490749
5_0_RF_RF,5,0,RF,RF,42.61102628707886,0.8643548717692597,0.864931065967567,0.8639353647235966
5_0_XGB_XGB,5,0,XGB,XGB,16.80975317955017,0.8534604922432633,0.8606646515350006,0.8429867232381405
5_0_CAT_CAT,5,0,CAT,CAT,330.0688350200653,0.8676708218027733,0.867903386941957,0.8679387799213627
5_1_MLR_MLR,5,1,MLR,MLR,1153.5456719398499,0.8509346583317137,0.8573718461254272,0.8606184778920167
5_1_RF_RF,5,1,RF,RF,46.263160705566406,0.8669299559640621,0.867358777775321,0.8679427808634081
5_1_XGB_XGB,5,1,XGB,XGB,16.474449634552002,0.8694109769912592,0.8713304694874481,0.8636419809236779
5_1_CAT_CAT,5,1,CAT,CAT,330.8551733493805,0.863381766131003,0.8636233724041364,0.8632312263895101
5_2_MLR_MLR,5,2,MLR,MLR,1123.2080702781677,0.8451110061732473,0.8484232248259975,0.8533446263496014
5_2_RF_RF,5,2,RF,RF,49.142210721969604,0.8556023901143089,0.8559351383671869,0.8557004092140258
5_2_XGB_XGB,5,2,XGB,XGB,20.443198204040527,0.8273464580357729,0.8347165296417829,0.8231681591616284
5_2_CAT_CAT,5,2,CAT,CAT,327.43225026130676,0.8598576822275403,0.8599475640426022,0.8595732857791953
5_3_MLR_MLR,5,3,MLR,MLR,1108.215440273285,0.8044973236848503,0.813808049434832,0.8095418711943444
5_3_RF_RF,5,3,RF,RF,44.21445965766907,0.8208082669749956,0.8212730424688045,0.8181676715114439
5_3_XGB_XGB,5,3,XGB,XGB,12.98557448387146,0.8145473125507262,0.8162538489832313,0.8144016509670946
5_3_CAT_CAT,5,3,CAT,CAT,295.62101769447327,0.8196193908656815,0.8197279783028141,0.819492959381932
5_4_MLR_MLR,5,4,MLR,MLR,941.821225643158,0.8058139190730804,0.8094994771528624,0.808937982827748
5_4_RF_RF,5,4,RF,RF,45.638134717941284,0.8018080524742153,0.8022336033764712,0.8027138472457609
5_4_XGB_XGB,5,4,XGB,XGB,12.62934160232544,0.8021236300687418,0.8042671222501748,0.8021222927781566
5_4_CAT_CAT,5,4,CAT,CAT,306.31919860839844,0.8054179459044979,0.8057583513602038,0.8090189221128667
5_5_MLR_MLR,5,5,MLR,MLR,967.9947910308838,0.873031339900197,0.8813870257248007,0.8806801486178619
5_5_RF_RF,5,5,RF,RF,47.91914987564087,0.891883553703491,0.8921684050521919,0.8929735266950709
5_5_XGB_XGB,5,5,XGB,XGB,18.271149158477783,0.8341585954216396,0.8432057682590972,0.8630266726176786
5_5_CAT_CAT,5,5,CAT,CAT,327.3336362838745,0.882948896641876,0.8831462000615009,0.8833499341108232
5_6_MLR_MLR,5,6,MLR,MLR,1435.037577867508,0.8378796644102706,0.8399553177928387,0.8399724743648705
5_6_RF_RF,5,6,RF,RF,45.766486167907715,0.8371191475845465,0.8375044593478645,0.8414948581509138
5_6_XGB_XGB,5,6,XGB,XGB,13.434980869293213,0.8409561622688924,0.8419999610767523,0.8368436920883537
5_6_CAT_CAT,5,6,CAT,CAT,293.49074625968933,0.8412814990148737,0.8415368269442659,0.8417994636333231
5_7_MLR_MLR,5,7,MLR,MLR,1433.3980164527893,0.8594068374112794,0.8632771838898099,0.8605937665473007
5_7_RF_RF,5,7,RF,RF,48.28603506088257,0.8728103449366585,0.8731142277726495,0.8728932102181495
5_7_XGB_XGB,5,7,XGB,XGB,13.735114812850952,0.8646252172730546,0.866951475715438,0.8588403188641531
5_7_CAT_CAT,5,7,CAT,CAT,313.53149008750916,0.8662421498574504,0.8664342652155873,0.8653547502295575
5_8_MLR_MLR,5,8,MLR,MLR,1150.5355644226074,0.7942055877588673,0.8017602640104573,0.8012334973744228
5_8_RF_RF,5,8,RF,RF,46.64483571052551,0.8097837124305747,0.8101069029250225,0.8105731387131565
5_8_XGB_XGB,5,8,XGB,XGB,16.430933713912964,0.8021690250451343,0.8044490661014105,0.8053936961834782
5_8_CAT_CAT,5,8,CAT,CAT,332.58831310272217,0.8153320687002454,0.815449562967345,0.8127963001100746
5_9_MLR_MLR,5,9,MLR,MLR,1167.4130623340607,0.8463003489743849,0.8498376289411855,0.8535001100673241
5_9_RF_RF,5,9,RF,RF,46.55540585517883,0.84137910088788,0.8419019207231581,0.8416130745220695
5_9_XGB_XGB,5,9,XGB,XGB,14.618370532989502,0.8412847532506182,0.843007849744362,0.8431413097400979
5_9_CAT_CAT,5,9,CAT,CAT,294.6401352882385,0.8516228577140094,0.8519077418790411,0.8504610070556731
6_0_MLR_MLR,6,0,MLR,MLR,1542.6718835830688,0.8912365040803972,0.898367340829237,0.8986923863744131
6_0_RF_RF,6,0,RF,RF,236.9032485485077,0.9052748037244422,0.9061831915890188,0.905602814377966
6_0_XGB_XGB,6,0,XGB,XGB,237.87893557548523,0.9033548125296086,0.9049017263268381,0.9064974184808847
6_0_CAT_CAT,6,0,CAT,CAT,848.5548927783966,0.9044566532956098,0.9047857980315424,0.9063615719989184
6_1_MLR_MLR,6,1,MLR,MLR,1528.8646059036255,0.8967051390605906,0.9036866029210533,0.9031248584020785
6_1_RF_RF,6,1,RF,RF,465.6271171569824,0.9100189928273742,0.9106213502405813,0.9104593561624993
6_1_XGB_XGB,6,1,XGB,XGB,230.492290019989,0.9056949715360045,0.9090389584599806,0.9105081590389152
6_1_CAT_CAT,6,1,CAT,CAT,878.852498292923,0.9111542859129076,0.911768790919312,0.9123427812434814
6_2_MLR_MLR,6,2,MLR,MLR,1347.0404603481293,0.8966731899144773,0.9021859142503746,0.9029178404389361
6_2_RF_RF,6,2,RF,RF,431.9603714942932,0.9131013331265089,0.9139678152066655,0.9139951665651027
6_2_XGB_XGB,6,2,XGB,XGB,320.06083059310913,0.907443153032162,0.9093726438556664,0.9113609547172714
6_2_CAT_CAT,6,2,CAT,CAT,942.131772518158,0.9119468288195683,0.9123606462048202,0.9128066652705004
6_3_MLR_MLR,6,3,MLR,MLR,1564.975478887558,0.89647037817314,0.8997345719096698,0.8987574533804171
6_3_RF_RF,6,3,RF,RF,191.71276378631592,0.9064474537525473,0.907261288401295,0.9037487703297227
6_3_XGB_XGB,6,3,XGB,XGB,288.0468969345093,0.9043530833600851,0.9057159520360856,0.9074596089994355
6_3_CAT_CAT,6,3,CAT,CAT,809.7955870628357,0.909267896803707,0.9094967016953218,0.9098045526619274
6_4_MLR_MLR,6,4,MLR,MLR,1550.280296087265,0.8951193859860652,0.899297563992234,0.8998559422980825
6_4_RF_RF,6,4,RF,RF,397.06717109680176,0.9093749460903985,0.9099237266206139,0.9102977717430166
6_4_XGB_XGB,6,4,XGB,XGB,329.7330095767975,0.9098551577483165,0.9122173425076328,0.9122490886705139
6_4_CAT_CAT,6,4,CAT,CAT,808.3481795787811,0.9126077743198843,0.9130205250334379,0.912940078694282
6_5_MLR_MLR,6,5,MLR,MLR,1537.2708876132965,0.8990727444848341,0.9038562863103016,0.90336990335663
6_5_RF_RF,6,5,RF,RF,434.9395344257355,0.9123727670855594,0.9130226792719046,0.9133020173212849
6_5_XGB_XGB,6,5,XGB,XGB,278.02857780456543,0.9105831802323223,0.9115739232787381,0.9121858961720779
6_5_CAT_CAT,6,5,CAT,CAT,984.724621295929,0.9136693129170738,0.9140529509513523,0.9141137354085841
6_6_MLR_MLR,6,6,MLR,MLR,1477.3014934062958,0.889781782280614,0.8942181939367135,0.8931859879613288
6_6_RF_RF,6,6,RF,RF,436.6374475955963,0.9003000453840473,0.9005050092409392,0.895657908203318
6_6_XGB_XGB,6,6,XGB,XGB,179.23292589187622,0.8991278740926091,0.9003240229083109,0.9007837212311571
6_6_CAT_CAT,6,6,CAT,CAT,998.4073059558868,0.9070129602331558,0.9074140293613128,0.9067178409310886
6_7_MLR_MLR,6,7,MLR,MLR,1535.716474533081,0.8757342258714428,0.8830878425618448,0.8820553838166372
6_7_RF_RF,6,7,RF,RF,381.5908856391907,0.8895022675997489,0.8898373630403887,0.8896705520231254
6_7_XGB_XGB,6,7,XGB,XGB,329.1712374687195,0.8899003267255556,0.8908176370255165,0.8901483117059937
6_7_CAT_CAT,6,7,CAT,CAT,857.3230485916138,0.8933993151761144,0.893899107640564,0.8938405490188571
6_8_MLR_MLR,6,8,MLR,MLR,1515.1349873542786,0.8937158758928339,0.896730477028948,0.8966188793892967
6_8_RF_RF,6,8,RF,RF,198.9818103313446,0.9015594198549521,0.9032527413567216,0.9010316990143664
6_8_XGB_XGB,6,8,XGB,XGB,142.85168600082397,0.9030728353837849,0.9044203829694613,0.9043181615672414
6_8_CAT_CAT,6,8,CAT,CAT,960.794606924057,0.9076387730102207,0.9081270397011962,0.9079926117429714
6_9_MLR_MLR,6,9,MLR,MLR,1280.5576133728027,0.8982387011100562,0.9010886952539887,0.9027712931557094
6_9_RF_RF,6,9,RF,RF,395.3652710914612,0.9158042643534346,0.9164430394745142,0.9169704634869611
6_9_XGB_XGB,6,9,XGB,XGB,210.95238661766052,0.9122695232684885,0.9127571577001835,0.9151248880119698
6_9_CAT_CAT,6,9,CAT,CAT,902.3198726177216,0.9178137859850246,0.9180985522000954,0.9183927438522919
7_0_MLR_MLR,7,0,MLR,MLR,1198.7899610996246,0.5202893191110574,0.5212429747133058,0.52125622187006
7_0_RF_RF,7,0,RF,RF,48.151397466659546,0.5208012163262221,0.5208504995109777,0.5210812522467247
7_0_XGB_XGB,7,0,XGB,XGB,47.356141090393066,0.5194895429088496,0.5195689394559462,0.5194672133504328
7_0_CAT_CAT,7,0,CAT,CAT,803.8661227226257,0.5198968382845408,0.5199187002407716,0.5211004201494128
7_1_MLR_MLR,7,1,MLR,MLR,1383.5553307533264,0.5085241538014924,0.509003440647791,0.5085067877174518
7_1_RF_RF,7,1,RF,RF,46.97797393798828,0.5079678716829128,0.5081739407072725,0.5080721904710817
7_1_XGB_XGB,7,1,XGB,XGB,46.38851594924927,0.5009799562475339,0.501529914918285,0.5017302736461626
7_1_CAT_CAT,7,1,CAT,CAT,825.9125602245331,0.5086126413439762,0.5086194331758925,0.5089332797232978
7_2_MLR_MLR,7,2,MLR,MLR,1045.756469488144,0.5413791467751851,0.5424900165829563,0.5426896529363626
7_2_RF_RF,7,2,RF,RF,48.98867106437683,0.5401388574280725,0.540177049008177,0.5401986684122912
7_2_XGB_XGB,7,2,XGB,XGB,49.9611120223999,0.5378663524973669,0.5379828974135645,0.5381590282672865
7_2_CAT_CAT,7,2,CAT,CAT,745.4486484527588,0.5370784763999785,0.5370830775175205,0.540279983418448
7_3_MLR_MLR,7,3,MLR,MLR,977.4524486064911,0.5247078500521236,0.5255767126273766,0.5267975979903564
7_3_RF_RF,7,3,RF,RF,42.18757438659668,0.5248061073835691,0.5248768947455384,0.5251711945409157
7_3_XGB_XGB,7,3,XGB,XGB,44.682941913604736,0.5203634574424792,0.5203891305581019,0.5199034131057889
7_3_CAT_CAT,7,3,CAT,CAT,935.0842957496643,0.5253084799078122,0.5253187597302802,0.5254083970272099
7_4_MLR_MLR,7,4,MLR,MLR,1062.7400364875793,0.5283609945217148,0.5293120268419322,0.529459654935122
7_4_RF_RF,7,4,RF,RF,40.543134689331055,0.5287293645307609,0.5290324636812229,0.5311497812724486
7_4_XGB_XGB,7,4,XGB,XGB,44.12700390815735,0.5226851952659282,0.5227026769176246,0.5224011780206479
7_4_CAT_CAT,7,4,CAT,CAT,879.8842260837555,0.5310425048669543,0.5310492665451301,0.5310757453229098
7_5_MLR_MLR,7,5,MLR,MLR,1329.1622955799103,0.527960527856646,0.5286826245632398,0.5291255609796227
7_5_RF_RF,7,5,RF,RF,45.61976361274719,0.5287791441360863,0.5288301382039258,0.5285157653248094
7_5_XGB_XGB,7,5,XGB,XGB,45.297919034957886,0.5217676988822868,0.5218441926850581,0.5220643091499284
7_5_CAT_CAT,7,5,CAT,CAT,854.5986905097961,0.5277412170850209,0.5277565123380559,0.5271693751226294
7_6_MLR_MLR,7,6,MLR,MLR,1108.2514081001282,0.5117713140958454,0.5123670790519512,0.5130716354277463
7_6_RF_RF,7,6,RF,RF,40.53192090988159,0.5127141995355454,0.5130368147207053,0.51189706275011
7_6_XGB_XGB,7,6,XGB,XGB,42.09654378890991,0.502683707471178,0.5027479191490163,0.5026284760637861
7_6_CAT_CAT,7,6,CAT,CAT,744.1508831977844,0.5112409738514487,0.5112574012692015,0.5109539358048205
7_7_MLR_MLR,7,7,MLR,MLR,1306.2748320102692,0.49788764319157025,0.49903468542351337,0.49904691503759546
7_7_RF_RF,7,7,RF,RF,43.74097204208374,0.49828088479633875,0.49833197402976404,0.49812918429616393
7_7_XGB_XGB,7,7,XGB,XGB,39.753864765167236,0.49556623350912776,0.49567893505020577,0.4967848147600237
7_7_CAT_CAT,7,7,CAT,CAT,858.9774513244629,0.4995519497434843,0.4995613244401399,0.5000156124744521
7_8_MLR_MLR,7,8,MLR,MLR,1309.0287072658539,0.5343608952941428,0.5352939905349072,0.534574471752118
7_8_RF_RF,7,8,RF,RF,51.305177450180054,0.5357796875281848,0.5358109813040023,0.536560443372131
7_8_XGB_XGB,7,8,XGB,XGB,56.34765028953552,0.5345481993622699,0.5346173834718861,0.5337599026363058
7_8_CAT_CAT,7,8,CAT,CAT,958.3003029823303,0.534002833173022,0.53401545259726,0.5344666703854091
7_9_MLR_MLR,7,9,MLR,MLR,1236.741688489914,0.5208261247406525,0.521774287837778,0.5230193417538535
7_9_RF_RF,7,9,RF,RF,45.8635778427124,0.5231734327547093,0.5233107548851053,0.5231127525368635
7_9_XGB_XGB,7,9,XGB,XGB,55.99136471748352,0.5207326404800076,0.5211361065695623,0.5220087856036176
7_9_CAT_CAT,7,9,CAT,CAT,949.6820604801178,0.5217006600438191,0.5217117250604029,0.5217998291087396
8_0_MLR_MLR,8,0,MLR,MLR,1259.2003798484802,0.8990174199710049,0.9120999911406611,0.9106461307616087
8_0_RF_RF,8,0,RF,RF,350.2515242099762,0.9082003314409423,0.9088119850833094,0.907958911493175
8_0_XGB_XGB,8,0,XGB,XGB,81.72328615188599,0.896479415368451,0.9102480786247665,0.9076099331249071
8_0_CAT_CAT,8,0,CAT,CAT,861.6369481086731,0.9204753726437318,0.9221561113476852,0.9220940890220307
8_1_MLR_MLR,8,1,MLR,MLR,1188.462563753128,0.9035083803350931,0.9145482909838794,0.9131245749065263
8_1_RF_RF,8,1,RF,RF,258.78037452697754,0.9106108557485028,0.9112197470006325,0.910826653630882
8_1_XGB_XGB,8,1,XGB,XGB,111.55418252944946,0.9139269591084475,0.9155154903378602,0.9207383429208847
8_1_CAT_CAT,8,1,CAT,CAT,713.8345990180969,0.9229149854355935,0.924465233244695,0.9240120652624917
8_2_MLR_MLR,8,2,MLR,MLR,1240.3370943069458,0.9150312579141159,0.9248574516719396,0.9258338329745496
8_2_RF_RF,8,2,RF,RF,330.3703827857971,0.9199963693305693,0.9205918154133057,0.9157707261494945
8_2_XGB_XGB,8,2,XGB,XGB,92.08891296386719,0.9274613588742335,0.9329806178990028,0.9291407936586968
8_2_CAT_CAT,8,2,CAT,CAT,852.0470018386841,0.9347418244404253,0.9363210854515623,0.9361167068136771
8_3_MLR_MLR,8,3,MLR,MLR,1304.4230513572693,0.9032078345946588,0.9107112699845131,0.9133320941102204
8_3_RF_RF,8,3,RF,RF,229.47527885437012,0.9117003297825883,0.9122247117272513,0.9091055750501159
8_3_XGB_XGB,8,3,XGB,XGB,140.66956067085266,0.9211953594487425,0.9253435160633473,0.9237960995580055
8_3_CAT_CAT,8,3,CAT,CAT,917.3379907608032,0.9257833607758833,0.9280253422044153,0.9265931181652821
8_4_MLR_MLR,8,4,MLR,MLR,1365.1232643127441,0.9029136783146133,0.9120533723771499,0.909715966072595
8_4_RF_RF,8,4,RF,RF,273.2021291255951,0.9051868960893977,0.9057005450416042,0.9059302916422404
8_4_XGB_XGB,8,4,XGB,XGB,147.06797432899475,0.9219772397117778,0.9241808875457028,0.9213230324076169
8_4_CAT_CAT,8,4,CAT,CAT,867.3085675239563,0.9249591883558879,0.9260061523074115,0.9271674086732715
8_5_MLR_MLR,8,5,MLR,MLR,1106.209973335266,0.9119674766054414,0.9254397052102533,0.9231741254218777
8_5_RF_RF,8,5,RF,RF,239.34257006645203,0.9238333540167578,0.9244246751118028,0.921872930889019
8_5_XGB_XGB,8,5,XGB,XGB,68.58716225624084,0.9169858733070447,0.9214495213758409,0.9081109663450933
8_5_CAT_CAT,8,5,CAT,CAT,767.040195941925,0.930656227797047,0.933404409696121,0.9334257275133159
8_6_MLR_MLR,8,6,MLR,MLR,1258.9339799880981,0.8966496013217022,0.9063976216376821,0.9104210023296662
8_6_RF_RF,8,6,RF,RF,313.47950077056885,0.9078853942983625,0.9085130774549467,0.9083040189870017
8_6_XGB_XGB,8,6,XGB,XGB,81.22451901435852,0.9102800389166017,0.9174501178679553,0.9159687821261506
8_6_CAT_CAT,8,6,CAT,CAT,910.7277112007141,0.9207801920809038,0.9221160894189295,0.9227714873187066
8_7_MLR_MLR,8,7,MLR,MLR,1179.7272715568542,0.8976675309813837,0.9089405159367814,0.9066663169603141
8_7_RF_RF,8,7,RF,RF,241.69980263710022,0.903657797107268,0.9044030261775929,0.9001763583960268
8_7_XGB_XGB,8,7,XGB,XGB,112.8949728012085,0.910395719548374,0.9141867171939349,0.9140247079778231
8_7_CAT_CAT,8,7,CAT,CAT,842.3561406135559,0.915804464483465,0.917166174906855,0.9186322617021403
8_8_MLR_MLR,8,8,MLR,MLR,1314.9221110343933,0.8937025419389343,0.9053572995516626,0.9040254374573822
8_8_RF_RF,8,8,RF,RF,272.0705211162567,0.9086665389039584,0.9094929853010294,0.9084316261239865
8_8_XGB_XGB,8,8,XGB,XGB,97.29132747650146,0.9195489563416793,0.92292401181093,0.9187338895702772
8_8_CAT_CAT,8,8,CAT,CAT,859.5336501598358,0.9223494818153758,0.9238874861185297,0.9246086974221209
8_9_MLR_MLR,8,9,MLR,MLR,1196.2190227508545,0.9042654864822864,0.9175029455487617,0.9160768546660992
8_9_RF_RF,8,9,RF,RF,317.03254103660583,0.9186453609427527,0.9193717196634154,0.9199819845484137
8_9_XGB_XGB,8,9,XGB,XGB,119.65947413444519,0.9239641377170198,0.9272372455765797,0.9267980882164737
8_9_CAT_CAT,8,9,CAT,CAT,802.9934329986572,0.9254655799070939,0.92735847433036,0.9272562331339397
9_0_MLR_MLR,9,0,MLR,MLR,1186.656720161438,0.8341065965691776,0.8718761986038367,0.856797189325575
9_0_RF_RF,9,0,RF,RF,35.404613733291626,0.847936687597031,0.8488161241812588,0.8175445886243761
9_0_XGB_XGB,9,0,XGB,XGB,6.45150351524353,0.8468735450741355,0.8514576351605307,0.8353817466212958
9_0_CAT_CAT,9,0,CAT,CAT,133.70796990394592,0.8567013799605162,0.8608223503601491,0.8569716138495483
9_1_MLR_MLR,9,1,MLR,MLR,1114.097950220108,0.8471631263261695,0.8653218394862559,0.8563559371946639
9_1_RF_RF,9,1,RF,RF,34.586461544036865,0.7614214177726623,0.7621380756638372,0.7601584501432841
9_1_XGB_XGB,9,1,XGB,XGB,7.97809910774231,0.8408854307476723,0.8439332286486044,0.8558701730363502
9_1_CAT_CAT,9,1,CAT,CAT,144.63160014152527,0.8511793707020511,0.8520289470352368,0.844721574993425
9_2_MLR_MLR,9,2,MLR,MLR,1327.7435901165009,0.850863842681274,0.8723347366296592,0.8738002161656251
9_2_RF_RF,9,2,RF,RF,34.71836519241333,0.8265641305227035,0.8281111766010582,0.8282080794578542
9_2_XGB_XGB,9,2,XGB,XGB,7.011394500732422,0.8696530741990951,0.8735070015759285,0.8724853820910337
9_2_CAT_CAT,9,2,CAT,CAT,135.56264328956604,0.8515583209911488,0.8579708470098141,0.8644834534117404
9_3_MLR_MLR,9,3,MLR,MLR,1234.6528432369232,0.8379248368761061,0.8531120037928616,0.8314123013188393
9_3_RF_RF,9,3,RF,RF,28.171876192092896,0.773298708320097,0.7749796937855659,0.7680570871614922
9_3_XGB_XGB,9,3,XGB,XGB,8.13472032546997,0.825125133074753,0.8273272320035929,0.8228944882508713
9_3_CAT_CAT,9,3,CAT,CAT,135.70572233200073,0.8379242348741603,0.8435217484659894,0.841804873010867
9_4_MLR_MLR,9,4,MLR,MLR,1327.1286158561707,0.8234653656890427,0.8502771646917836,0.8650128192135582
9_4_RF_RF,9,4,RF,RF,32.62362623214722,0.7808644537187909,0.7822800203908082,0.7493597539948942
9_4_XGB_XGB,9,4,XGB,XGB,7.921187400817871,0.8271591884494679,0.8462925815689823,0.8676682270770353
9_4_CAT_CAT,9,4,CAT,CAT,138.18684554100037,0.8802590085411733,0.8832892578624534,0.8844256614596877